ADMINISTRA|BAJROLPANC
ADMINISTRA|AIVCEN
ADMINISTRA|ALTANA
ADMINISTRA|ALTCRS
ADMINISTRA|ALTERM
ADMINISTRA|ALTGUP
ADMINISTRA|ALTPIOEOL
ADMINISTRA|BAJCRS
ADMINISTRA|CULCNT
ADMINISTRA|BAJROLPFEC
ADMINISTRA|CULEME
ADMINISTRA|BAJPFECRS
ADMINISTRA|BAJGUP
ADMINISTRA|BAJANA
ADMINISTRA|BAJERM
ADMINISTRA|BAJPIOEOL
ADMINISTRA|HLIPIL
ADMINISTRA|BAJROLEDIC
ADMINISTRA|AGNROLEDIC
ADMINISTRA|AGNROLPANC
ADMINISTRA|CULFMA
ADMINISTRA|CULMIE
ADMINISTRA|CULGUP
ADMINISTRA|CULPIOELA
ADMINISTRA|DBIPIL
ADMINISTRA|GEREIS
ADMINISTRA|GERROR
ADMINISTRA|MFIPIOEOL
ADMINISTRA|IILCEN
ADMINISTRA|MFIANA
ADMINISTRA|MFICRS
ADMINISTRA|MFIERM
ADMINISTRA|MFIGUP
ADMINISTRA|AGNPFECRS
ADMINISTRA|CULAAT
ADMINISTRA|AGNROLPFEC
INTERN|CULFMA
INTERN|BAJEDIFMA
INTERN|AGNEDIFMA
INTERN|ALTFMA
INTERN|MFIFMA
SPUS|MFIPIL
SPUS|CULDCI
SPUS|BAJROLASTC
SPUS|AGNPILROL
SPUS|AGNROLASTC
SPUS|ALTCNI
SPUS|ALTDCC
SPUS|ALTEIDFRA
SPUS|ALTPIL
SPUS|ALTROL
SPUS|BAJDCC
SPUS|BAJPIL
SPUS|BAJROL
SPUS|CULEDAFAT
SPUS|CULPLE
SPUS|CULRLE
SPUS|MFIDCC
SPUS|MFICNI
SPUS|BAJEIDFRA
SPUS|MFIROL
SPUS|MFIEIDFRA
SPUS|CULCNI
SPUS|BAJCNI
STUDENT|LSTCRSAER
STUDENT|SCICRS
TEACHER|LSTCRSANA
TEACHER|GIOSITCRS
TEACHER|AGNROLEDIC
